
prompt Inserindo dados na Tabela Instituto...
 
INSERT INTO INSTITUTO VALUES (2,'AGRONOMIA');
INSERT INTO INSTITUTO VALUES (6,'LETRAS');
INSERT INTO INSTITUTO VALUES (11,'MEDICINA');
INSERT INTO INSTITUTO VALUES (13,'ODONTOLOGIA');
INSERT INTO INSTITUTO VALUES (15,'INFORMATICA'); 
INSERT INTO INSTITUTO VALUES (20,'EDUCACAO FISICA');

prompt Inserindo dados na Tabela Endereço...

INSERT INTO ENDERECO VALUES (1001, 'Rua SELVA', 18, 'Casa', 'Setor Centro', 'Goiania', '74000-011', 'Goias', 'Brasil');
INSERT INTO ENDERECO VALUES (1002,'Avenida Brasil',788,'Ed Morada, Bl 1 Apto 410','Setor Sul','Goiania','74111-000','Goias','Brasil');
INSERT INTO ENDERECO VALUES (1003,'Rua GB 13',0,'Qd 5, Lt3, Cs 2','Setor Campinas','Goiania','74555-098','Goias','Brasil');
INSERT INTO ENDERECO VALUES (1004,'Rua D 33',55,'Casa','Setor Jao','Goiania','74878-012','Goias','Brasil'); 
INSERT INTO ENDERECO VALUES (1005,'Rua 007',333,'Casa','Jardim Primavera','Goiania','74112-043','Goias','Brasil');
INSERT INTO ENDERECO VALUES (1006,'Avenida 85',459,'Ed Azul, Apto 509','Setor Marista','Goiania','74565-123','Goias','Brasil');
INSERT INTO ENDERECO VALUES (1007,'Rua F 12',0,'Qd 13, Lt 4, Cs 1','Setor Goiania II','Goiania','74234-987','Goias','Brasil');
INSERT INTO ENDERECO VALUES (1008,'Rua S 44',0,'Qd 10, Lt 5, Cs 1','Setor Oeste','Goiania','74098-890','Goias','Brasil');
INSERT INTO ENDERECO VALUES (1009,'Avenida Goiás',1098,'Ed Milenium, Apto 606','Setor Centro','Goiania','74655-876','Goias','Brasil'); 
INSERT INTO ENDERECO VALUES (1010,'Rua 65',321,'Casa','Setor Vilanova','Goiania','74543-099','Goias','Brasil');
INSERT INTO ENDERECO VALUES (1011,'Rua 67',679,'Casa','Jardim Europa','Goiania','74998-001','Goias','Brasil');
INSERT INTO ENDERECO VALUES (1012,'Rua 121',567,'Ed Plaza, Apto 707','Setor Bueno','Goiania','74343-088','Goias','Brasil');
INSERT INTO ENDERECO VALUES (1013,'Rua F 33',0,'Qd 5, Lt 4','Setor Oeste','Goiania','74988-065','Goias','Brasil'); 
INSERT INTO ENDERECO VALUES (1014,'Avenida Jose Oliveira',578,'Casa','Jardim Guanabara','Goiania','74334-133','Goias','Brasil');
INSERT INTO ENDERECO VALUES (1015,'Avenida D 6',2090,'Ed Dom Pedro, Apto 111','Setor Aeroporto','Goiania','74577-067','Goias','Brasil');
INSERT INTO ENDERECO VALUES (1016,'Rua 79',344,'Casa','Setor Campinas','Goiania','74132-044','Goias','Brasil');

prompt Inserindo dados na Tabela Pessoa...

INSERT INTO PESSOA VALUES ('1999103687','12-10-1999','65747564732','55989923','SSPGO','ROBERTO TELLES ANTUNES NETO', '13-04-1972', 'M', 'robertoinf', 'r1133227', 1001);
INSERT INTO PESSOA VALUES ('2000110123','10-11-2000','01234567887','11233564','SSPMG','JOÃO PEDRO DA SILVA JÚNIOR','03-05-1970','M','profjoao','progamacao',1002);
INSERT INTO PESSOA VALUES ('2001084433','01-08-2001','66775533290','22331178','SSPMT','OSMAR CARDOSO DOS REIS','19-10-1975','M','osmar6574','665543oc',1003);
INSERT INTO PESSOA VALUES ('2005017689','23-01-2005','78954432789','23145365','SSPGO','ANA RITA DE CASSIA','11-12-1975','F','anaritac','3453anar',1004);
INSERT INTO PESSOA VALUES ('2005017999','25-01-2005','99880076589','44322122','SSPRS','GIOVANA CRISTINA FIDELIS','07-05-1977','F','giovanacf1','gi445567',1005);
INSERT INTO PESSOA VALUES ('2005051111','03-07-2005','98795436210','67433890','SSPGO','MARIA CLÁUDIA REGINA LOPES','08-06-1983','F','mariacrl','java567c',1006);
INSERT INTO PESSOA VALUES ('2005058645','18-07-2005','38878776990','19876542','SSPRN','ERNESTO GONÇALVES FILHO','23-06-1986','M','ernesto11','23456432',1007);
INSERT INTO PESSOA VALUES ('2006033456','22-03-2006','54432219987','09112334','SSPGO','FABIOLA FERREIRA LIMA','25-04-1987','F','fabiola12','fab7654',1008);
INSERT INTO PESSOA VALUES ('2009026755','03-02-2009','89898977884','78786600','SSPGO','ANTONIO SANTOS DE JESUS','21-02-1990','M','antonio45','66554488',1009);
INSERT INTO PESSOA VALUES ('2009095743','12-09-2009','32564321089','67332191','SSPRJ','CARLOS AUGUSTO CESAR','27-11-1982','M','profcac','1carlosinf',1010);
INSERT INTO PESSOA VALUES ('2010054256','29-05-2010','44433222332','00998876','SSPDF','LAURA FELICIANO CAXIAS','14-02-1983','F','laura44','456443578',1011);
INSERT INTO PESSOA VALUES ('2011015658','04-01-2011','76932445690','32445960','SSPDF','PAULO HENRIQUE PEREIRA COSTA','30-08-2002','M','phpereira','SI2011ufg',1012);
INSERT INTO PESSOA VALUES ('2012020987','18-02-2012','18971123778','77875098','SSPSP','HELENA VIANA CUNHA','19-09-1993','F','helena12','134654h',1013);
INSERT INTO PESSOA VALUES ('2013083322','05-08-2013','32323424241','34343467','SSPGO','CRISTINA NEVES CASTRO','19-03-1993','F','crisnc','cris44553',1014);
INSERT INTO PESSOA VALUES ('2014080453','08-08-2014','08997653217','78443229','SSPPA','EDUARDA CARVALHO BARBOSA','15-03-2005','F','eduarda2014','987654edu',1015);
INSERT INTO PESSOA VALUES ('2015086743','11-02-2015','75757443357','78786991','SSPDF','DANIELA NUNES SAMPAIO','02-10-1994','F','dani2015','dani1234',1016);

prompt Inserindo dados na Tabela Professor...

INSERT INTO PROFESSOR VALUES ('2005017689',10000.00,'Doutorado em Patologia',11);
INSERT INTO PROFESSOR VALUES ('2010054256',7800.00,'Mestrado em Oftalmologia',11);
INSERT INTO PROFESSOR VALUES ('2005017999',7000.00,'Mestrado em Ciencias da Comp',15);
INSERT INTO PROFESSOR VALUES ('2001084433',7000.00,'Mestrado em Ciencias da Comp',15);
INSERT INTO PROFESSOR VALUES ('1999103687',11000.00,'Doutorado em Ciencias da Comp',15);
INSERT INTO PROFESSOR VALUES ('2000110123',10000.00,'Doutorado em Ciencias da Comp',15);

prompt Inserindo dados na Tabela Coordenador...

INSERT INTO COORDENADOR VALUES ('1999103687',3500.00,15);
INSERT INTO COORDENADOR VALUES ('2000110123',3500.00,15);
INSERT INTO COORDENADOR VALUES ('2005017689',3500.00,11);

prompt Inserindo dados na Tabela Tecnico_adm...

INSERT INTO TECNICO_ADM VALUES ('2006033456',3000.00,'Secretaria',15);
INSERT INTO TECNICO_ADM VALUES ('2009095743',3000.00,'Secretario',15);
INSERT INTO TECNICO_ADM VALUES ('2011015658',2800.00,'Aux Suporte',11);

prompt Inserindo dados na Tabela Curso...

INSERT INTO CURSO VALUES (33,'MEDICINA','2005017689','23-02-2011',11);
INSERT INTO CURSO VALUES (54,'CIENCIAS DA COMPUTACAO','1999103687','12-07-2008',15);
INSERT INTO CURSO VALUES (55,'SISTEMAS DE INFORMACAO','2000110123','25-11-2010',15);

prompt Inserindo dados na Tabela Aluno...

INSERT INTO ALUNO VALUES ('2005051111','Nao',54);
INSERT INTO ALUNO VALUES ('2005058645','Nao',55);
INSERT INTO ALUNO VALUES ('2009026755','Sim',55);
INSERT INTO ALUNO VALUES ('2012020987','Nao',33);
INSERT INTO ALUNO VALUES ('2013083322','Nao',54);
INSERT INTO ALUNO VALUES ('2014080453','Sim',55);
INSERT INTO ALUNO VALUES ('2015086743','Nao',33);

prompt Inserindo dados na Tabela Disciplina...

INSERT INTO DISCIPLINA VALUES (1,'Anatomia Humana',252);
INSERT INTO DISCIPLINA VALUES (2,'Bioquimica',108);
INSERT INTO DISCIPLINA VALUES (13,'Imunologia',100);
INSERT INTO DISCIPLINA VALUES (18,'Microbiologia',100);
INSERT INTO DISCIPLINA VALUES (27,'Patologia Funcional',300);
INSERT INTO DISCIPLINA VALUES (29,'Oftalmologia',30);
INSERT INTO DISCIPLINA VALUES (46,'Psiquiatria',100);
INSERT INTO DISCIPLINA VALUES (47,'Clinica Cirurgica',240);
INSERT INTO DISCIPLINA VALUES (110,'Arquitetura de Computadores',64);
INSERT INTO DISCIPLINA VALUES (111,'Introdocao a Programacao',64); 
INSERT INTO DISCIPLINA VALUES (112,'Calculo 1',64);
INSERT INTO DISCIPLINA VALUES (113,'Introducao a Computacao',64);
INSERT INTO DISCIPLINA VALUES (121,'Engenharia de Software',64);
INSERT INTO DISCIPLINA VALUES (122,'Programacao Imperativa',64);
INSERT INTO DISCIPLINA VALUES (123,'Sistemas Digitais',64); 
INSERT INTO DISCIPLINA VALUES (124,'Calculo 2',64);
INSERT INTO DISCIPLINA VALUES (130,'Progr Orientada a Objetos',96);
INSERT INTO DISCIPLINA VALUES (131,'Estruturas de Dados',64);
INSERT INTO DISCIPLINA VALUES (132,'Teoria dos Grafos',64);
INSERT INTO DISCIPLINA VALUES (139,'Programação para Web',96);
INSERT INTO DISCIPLINA VALUES (140,'Banco de Dados',64);
INSERT INTO DISCIPLINA VALUES (141,'Projeto de Software',64);
INSERT INTO DISCIPLINA VALUES (147,'Redes de Computadores',64);
INSERT INTO DISCIPLINA VALUES (155,'Sistemas Distribuidos',64);
INSERT INTO DISCIPLINA VALUES (156,'Arquitetura de Software',64);

prompt Inserindo dados na Tabela Email_Pessoa...

INSERT INTO EMAIL_PESSOA VALUES ('1999103687','robertotelles@facu.com');
INSERT INTO EMAIL_PESSOA VALUES ('2000110123','joao@facu.com');
INSERT INTO EMAIL_PESSOA VALUES ('2001084433','osmarcardoso@facu.com'); 
INSERT INTO EMAIL_PESSOA VALUES ('2005017689','anarita@facu.com');
INSERT INTO EMAIL_PESSOA VALUES ('2005017999','giovana@outro.com');
INSERT INTO EMAIL_PESSOA VALUES ('2005051111','mariaclaudia@facu.com');
INSERT INTO EMAIL_PESSOA VALUES ('2005051111','mariaclaudia@outro.com');
INSERT INTO EMAIL_PESSOA VALUES ('2005058645','ernesto@facu.com');
INSERT INTO EMAIL_PESSOA VALUES ('2005058645','ernesto@outro.com');
INSERT INTO EMAIL_PESSOA VALUES ('2006033456','fabiola@facu.com');
INSERT INTO EMAIL_PESSOA VALUES ('2009026755','antoniosantos@facu.com');
INSERT INTO EMAIL_PESSOA VALUES ('2009095743','carlosac@facu.com');
INSERT INTO EMAIL_PESSOA VALUES ('2010054256','laurafc@facu.com');
INSERT INTO EMAIL_PESSOA VALUES ('2010054256','laurafeliciano@outro.com');
INSERT INTO EMAIL_PESSOA VALUES ('2011015658','paulohenrique@facu.com');
INSERT INTO EMAIL_PESSOA VALUES ('2012020987','helena@facu.com');
INSERT INTO EMAIL_PESSOA VALUES ('2013083322','cristinanc@facu.com'); 
INSERT INTO EMAIL_PESSOA VALUES ('2014080453','eduardacb@facu.com');
INSERT INTO EMAIL_PESSOA VALUES ('2015086743','danielanunes@facu.com');
INSERT INTO EMAIL_PESSOA VALUES ('2015086743','daninues@outro.com');

prompt Inserindo dados na Tabela Telefone_Pessoa...

INSERT INTO TELEFONE_PESSOA VALUES ('1999103687','6233222100');
INSERT INTO TELEFONE_PESSOA VALUES ('1999103687','6299991111');
INSERT INTO TELEFONE_PESSOA VALUES ('2000110123','6288881112');
INSERT INTO TELEFONE_PESSOA VALUES ('2001084433','6233443322');
INSERT INTO TELEFONE_PESSOA VALUES ('2001084433','6277666655');
INSERT INTO TELEFONE_PESSOA VALUES ('2005017689','6298784435');
INSERT INTO TELEFONE_PESSOA VALUES ('2005017999','6281112345');
INSERT INTO TELEFONE_PESSOA VALUES ('2005051111','6297764455');
INSERT INTO TELEFONE_PESSOA VALUES ('2005058645','6288226556');
INSERT INTO TELEFONE_PESSOA VALUES ('2006033456','6298995466');
INSERT INTO TELEFONE_PESSOA VALUES ('2009026755','6231110000');
INSERT INTO TELEFONE_PESSOA VALUES ('2009026755','6286556712');
INSERT INTO TELEFONE_PESSOA VALUES ('2009095743','6289004772');
INSERT INTO TELEFONE_PESSOA VALUES ('2010054256','6287656780');
INSERT INTO TELEFONE_PESSOA VALUES ('2011015658','6291336754');
INSERT INTO TELEFONE_PESSOA VALUES ('2012020987','6290563289');
INSERT INTO TELEFONE_PESSOA VALUES ('2013083322','6234563244');
INSERT INTO TELEFONE_PESSOA VALUES ('2013083322','6293116789');
INSERT INTO TELEFONE_PESSOA VALUES ('2014080453','6288136766');
INSERT INTO TELEFONE_PESSOA VALUES ('2015086743','6288891166');

prompt Inserindo dados na Tabela Grade_Curricular...

INSERT INTO GRADE_CURRICULAR VALUES (1,33,'1 - 2');
INSERT INTO GRADE_CURRICULAR VALUES (2,33,'1 - 2');
INSERT INTO GRADE_CURRICULAR VALUES (13,33,'3');
INSERT INTO GRADE_CURRICULAR VALUES (18,33,'4');
INSERT INTO GRADE_CURRICULAR VALUES (27,33,'5 - 6');
INSERT INTO GRADE_CURRICULAR VALUES (29,33,'6');
INSERT INTO GRADE_CURRICULAR VALUES (46,33,'8');
INSERT INTO GRADE_CURRICULAR VALUES (47,33,'8');
INSERT INTO GRADE_CURRICULAR VALUES (110,55,'1');
INSERT INTO GRADE_CURRICULAR VALUES (111,55,'1');
INSERT INTO GRADE_CURRICULAR VALUES (112,54,'1');
INSERT INTO GRADE_CURRICULAR VALUES (113,54,'1');
INSERT INTO GRADE_CURRICULAR VALUES (121,54,'5');
INSERT INTO GRADE_CURRICULAR VALUES (121,55,'2');
INSERT INTO GRADE_CURRICULAR VALUES (122,55,'2');
INSERT INTO GRADE_CURRICULAR VALUES (123,54,'2');
INSERT INTO GRADE_CURRICULAR VALUES (124,54,'2');
INSERT INTO GRADE_CURRICULAR VALUES (130,54,'3');
INSERT INTO GRADE_CURRICULAR VALUES (130,55,'3');
INSERT INTO GRADE_CURRICULAR VALUES (131,55,'3');
INSERT INTO GRADE_CURRICULAR VALUES (132,54,'3');
INSERT INTO GRADE_CURRICULAR VALUES (139,55,'4');
INSERT INTO GRADE_CURRICULAR VALUES (140,54,'4');
INSERT INTO GRADE_CURRICULAR VALUES (141,54,'7');
INSERT INTO GRADE_CURRICULAR VALUES (141,55,'4');
INSERT INTO GRADE_CURRICULAR VALUES (147,55,'5');
INSERT INTO GRADE_CURRICULAR VALUES (155,54,'6');
INSERT INTO GRADE_CURRICULAR VALUES (156,55,'6');

prompt Inserindo dados na Tabela Graduação...

INSERT INTO GRADUACAO VALUES ('Concluida','2005051111','13-12-2011');
INSERT INTO GRADUACAO VALUES ('Ingresso','2005051111','03-07-2005');
INSERT INTO GRADUACAO VALUES ('Regular','2005051111','03-07-2005');
INSERT INTO GRADUACAO VALUES ('Regular','2005051111','25-01-2007');
INSERT INTO GRADUACAO VALUES ('Trancada','2005051111','22-08-2006');
INSERT INTO GRADUACAO VALUES ('Concluida','2005058645','14-12-2009');
INSERT INTO GRADUACAO VALUES ('Ingresso','2005058645','18-07-2005');
INSERT INTO GRADUACAO VALUES ('Regular','2005058645','18-07-2005');
INSERT INTO GRADUACAO VALUES ('Regular','2005058645','05-08-2007');
INSERT INTO GRADUACAO VALUES ('Trancada','2005058645','10-02-2007');
INSERT INTO GRADUACAO VALUES ('Concluida','2009026755','17-12-2013');
INSERT INTO GRADUACAO VALUES ('Ingresso','2009026755','03-02-2009'); 
INSERT INTO GRADUACAO VALUES ('Regular','2009026755','03-02-2009'); 
INSERT INTO GRADUACAO VALUES ('Ingresso','2012020987','18-02-2012'); 
INSERT INTO GRADUACAO VALUES ('Regular','2012020987','18-02-2012'); 
INSERT INTO GRADUACAO VALUES ('Regular','2012020987','07-02-2015');
INSERT INTO GRADUACAO VALUES ('Trancada','2012020987','13-02-2014');
INSERT INTO GRADUACAO VALUES ('Ingresso','2013083322','05-08-2013');
INSERT INTO GRADUACAO VALUES ('Regular','2013083322','05-08-2013');
INSERT INTO GRADUACAO VALUES ('Ingresso','2014080453','08-08-2014');
INSERT INTO GRADUACAO VALUES ('Regular','2014080453','08-08-2014');
INSERT INTO GRADUACAO VALUES ('Ingresso','2015086743','11-02-2015');
INSERT INTO GRADUACAO VALUES ('Regular','2015086743','11-02-2015');

prompt Inserindo dados na Tabela Turma...

INSERT INTO TURMA VALUES (110,'1',2007,'1999103687');
INSERT INTO TURMA VALUES (110,'1',2009,'1999103687');
INSERT INTO TURMA VALUES (110,'1',2014,'1999103687');
INSERT INTO TURMA VALUES (110,'2',2005,'1999103687');
INSERT INTO TURMA VALUES (110,'2',2014,'1999103687');
INSERT INTO TURMA VALUES (121,'1',2006,'1999103687');
INSERT INTO TURMA VALUES (121,'1',2009,'1999103687');
INSERT INTO TURMA VALUES (121,'1',2015,'1999103687');
INSERT INTO TURMA VALUES (121,'2',2009,'1999103687');
INSERT INTO TURMA VALUES (121,'2',2015,'1999103687');
INSERT INTO TURMA VALUES (130,'1',2010,'1999103687');
INSERT INTO TURMA VALUES (130,'2',2006,'1999103687');
INSERT INTO TURMA VALUES (130,'2',2007,'1999103687');
INSERT INTO TURMA VALUES (130,'2',2014,'1999103687');
INSERT INTO TURMA VALUES (130,'2',2015,'1999103687');
INSERT INTO TURMA VALUES (140,'1',2007,'1999103687');
INSERT INTO TURMA VALUES (140,'1',2015,'1999103687');
INSERT INTO TURMA VALUES (111,'1',2009,'2000110123');
INSERT INTO TURMA VALUES (111,'1',2014,'2000110123');
INSERT INTO TURMA VALUES (111,'2',2005,'2000110123');
INSERT INTO TURMA VALUES (122,'1',2006,'2000110123');
INSERT INTO TURMA VALUES (122,'1',2015,'2000110123');
INSERT INTO TURMA VALUES (122,'2',2009,'2000110123');
INSERT INTO TURMA VALUES (131,'1',2010,'2000110123');
INSERT INTO TURMA VALUES (131,'2',2006,'2000110123');
INSERT INTO TURMA VALUES (131,'2',2015,'2000110123');
INSERT INTO TURMA VALUES (141,'1',2016,'2000110123');
INSERT INTO TURMA VALUES (141,'2',2007,'2000110123');
INSERT INTO TURMA VALUES (141,'2',2008,'2000110123');
INSERT INTO TURMA VALUES (141,'2',2010,'2000110123');
INSERT INTO TURMA VALUES (112,'2',2005,'2001084433');
INSERT INTO TURMA VALUES (112,'2',2013,'2001084433');
INSERT INTO TURMA VALUES (123,'1',2006,'2001084433');
INSERT INTO TURMA VALUES (123,'1',2014,'2001084433');
INSERT INTO TURMA VALUES (132,'1',2007,'2001084433');
INSERT INTO TURMA VALUES (132,'2',2014,'2001084433');
INSERT INTO TURMA VALUES (147,'1',2011,'2001084433');
INSERT INTO TURMA VALUES (147,'2',2007,'2001084433');
INSERT INTO TURMA VALUES (2,'1',2012,'2005017689');
INSERT INTO TURMA VALUES (2,'1',2015,'2005017689'); 
INSERT INTO TURMA VALUES (18,'2',2013,'2005017689');
INSERT INTO TURMA VALUES (113,'2',2005,'2005017999');
INSERT INTO TURMA VALUES (113,'2',2013,'2005017999');
INSERT INTO TURMA VALUES (124,'1',2006,'2005017999');
INSERT INTO TURMA VALUES (124,'1',2014,'2005017999');
INSERT INTO TURMA VALUES (139,'1',2006,'2005017999'); 
INSERT INTO TURMA VALUES (139,'1',2016,'2005017999'); 
INSERT INTO TURMA VALUES (139,'2',2010,'2005017999');
INSERT INTO TURMA VALUES (155,'1',2008,'2005017999');
INSERT INTO TURMA VALUES (155,'1',2016,'2005017999');
INSERT INTO TURMA VALUES (156,'1',2008,'2005017999');
INSERT INTO TURMA VALUES (156,'2',2011,'2005017999');
INSERT INTO TURMA VALUES (1,'1',2012,'2010054256');
INSERT INTO TURMA VALUES (1,'1',2015,'2010054256');
INSERT INTO TURMA VALUES (13,'1',2013,'2010054256');
INSERT INTO TURMA VALUES (13,'1',2016,'2010054256');
INSERT INTO TURMA VALUES (29,'2',2014,'2010054256');

prompt Inserindo dados na Tabela Turmas_Semestre...

INSERT INTO TURMAS_SEMESTRE VALUES (1,'1',2012,'2012020987',26,'Aprovado');
INSERT INTO TURMAS_SEMESTRE VALUES (1,'1',2015,'2015086743',24,'Aprovado');
INSERT INTO TURMAS_SEMESTRE VALUES (2,'1',2012,'2012020987',6,'Aprovado');
INSERT INTO TURMAS_SEMESTRE VALUES (2,'1',2015,'2015086743',12,'Aprovado');
INSERT INTO TURMAS_SEMESTRE VALUES (13,'1',2013,'2012020987',14,'Aprovado');
INSERT INTO TURMAS_SEMESTRE VALUES (13,'1',2016,'2015086743',22,'Matriculado');
INSERT INTO TURMAS_SEMESTRE VALUES (18,'2',2013,'2012020987',0,'Aprovado');
INSERT INTO TURMAS_SEMESTRE VALUES (29,'2',2014,'2012020987',6,'Reprovado');
INSERT INTO TURMAS_SEMESTRE VALUES (110,'1',2007,'2005051111',3,'Aprovado');
INSERT INTO TURMAS_SEMESTRE VALUES (110,'1',2009,'2009026755',0,'Aprovado');
INSERT INTO TURMAS_SEMESTRE VALUES (110,'1',2014,'2013083322',20,'Reprovado');
INSERT INTO TURMAS_SEMESTRE VALUES (110,'2',2005,'2005058645',4,'Aprovado');
INSERT INTO TURMAS_SEMESTRE VALUES (110,'2',2014,'2014080453',4,'Reprovado');
INSERT INTO TURMAS_SEMESTRE VALUES (111,'1',2009,'2009026755',6,'Aprovado');
INSERT INTO TURMAS_SEMESTRE VALUES (111,'1',2014,'2014080453',12,'Aprovado');
INSERT INTO TURMAS_SEMESTRE VALUES (111,'2',2005,'2005058645',0,'Aprovado');
INSERT INTO TURMAS_SEMESTRE VALUES (112,'2',2005,'2005051111',10,'Aprovado');
INSERT INTO TURMAS_SEMESTRE VALUES (112,'2',2013,'2013083322',14,'Reprovado');
INSERT INTO TURMAS_SEMESTRE VALUES (113,'2',2005,'2005051111',4,'Aprovado');
INSERT INTO TURMAS_SEMESTRE VALUES (113,'2',2013,'2013083322',12,'Aprovado');
INSERT INTO TURMAS_SEMESTRE VALUES (121,'1',2006,'2005058645',10,'Aprovado');
INSERT INTO TURMAS_SEMESTRE VALUES (121,'1',2009,'2005051111',2,'Aprovado');
INSERT INTO TURMAS_SEMESTRE VALUES (121,'1',2015,'2014080453',6,'Aprovado');
INSERT INTO TURMAS_SEMESTRE VALUES (121,'2',2009,'2009026755',4,'Aprovado');
INSERT INTO TURMAS_SEMESTRE VALUES (121,'2',2015,'2013083322',4,'Reprovado');
INSERT INTO TURMAS_SEMESTRE VALUES (122,'1',2006,'2005058645',4,'Aprovado');
INSERT INTO TURMAS_SEMESTRE VALUES (122,'1',2015,'2014080453',4,'Reprovado');
INSERT INTO TURMAS_SEMESTRE VALUES (122,'2',2009,'2009026755',6,'Aprovado'); 
INSERT INTO TURMAS_SEMESTRE VALUES (123,'1',2006,'2005058645',10,'Aprovado');
INSERT INTO TURMAS_SEMESTRE VALUES (123,'1',2014,'2014080453',2,'Aprovado');
INSERT INTO TURMAS_SEMESTRE VALUES (124,'1',2006,'2005051111',12,'Aprovado');
INSERT INTO TURMAS_SEMESTRE VALUES (124,'1',2014,'2013083322',6,'Reprovado');
INSERT INTO TURMAS_SEMESTRE VALUES (130,'1',2010,'2009026755',8,'Aprovado');
INSERT INTO TURMAS_SEMESTRE VALUES (130,'2',2006,'2005058645',8,'Aprovado');
INSERT INTO TURMAS_SEMESTRE VALUES (130,'2',2007,'2005051111',8,'Aprovado');
INSERT INTO TURMAS_SEMESTRE VALUES (130,'2',2014,'2013083322',10,'Aprovado');
INSERT INTO TURMAS_SEMESTRE VALUES (130,'2',2015,'2014080453',6,'Aprovado');
INSERT INTO TURMAS_SEMESTRE VALUES (131,'1',2010,'2009026755',0,'Aprovado');
INSERT INTO TURMAS_SEMESTRE VALUES (131,'2',2006,'2005058645',2,'Aprovado');
INSERT INTO TURMAS_SEMESTRE VALUES (131,'2',2015,'2014080453',0,'Reprovado');
INSERT INTO TURMAS_SEMESTRE VALUES (132,'1',2007,'2005051111',4,'Aprovado');
INSERT INTO TURMAS_SEMESTRE VALUES (132,'2',2014,'2013083322',6,'Aprovado');
INSERT INTO TURMAS_SEMESTRE VALUES (139,'1',2006,'2005058645',4,'Aprovado');
INSERT INTO TURMAS_SEMESTRE VALUES (139,'1',2016,'2014080453',4,'Matriculado');
INSERT INTO TURMAS_SEMESTRE VALUES (139,'2',2010,'2009026755',6,'Aprovado');
INSERT INTO TURMAS_SEMESTRE VALUES (140,'1',2007,'2005051111',2,'Aprovado');
INSERT INTO TURMAS_SEMESTRE VALUES (140,'1',2015,'2013083322',20,'Reprovado');
INSERT INTO TURMAS_SEMESTRE VALUES (141,'1',2016,'2014080453',6,'Matriculado');
INSERT INTO TURMAS_SEMESTRE VALUES (141,'2',2007,'2005058645',4,'Aprovado');
INSERT INTO TURMAS_SEMESTRE VALUES (141,'2',2008,'2005051111',8,'Aprovado');
INSERT INTO TURMAS_SEMESTRE VALUES (141,'2',2010,'2009026755',14,'Aprovado');
INSERT INTO TURMAS_SEMESTRE VALUES (147,'1',2011,'2009026755',0,'Aprovado');
INSERT INTO TURMAS_SEMESTRE VALUES (147,'2',2007,'2005058645',0,'Aprovado');
INSERT INTO TURMAS_SEMESTRE VALUES (155,'1',2008,'2005051111',12,'Aprovado');
INSERT INTO TURMAS_SEMESTRE VALUES (155,'1',2016,'2013083322',10,'Matriculado');
INSERT INTO TURMAS_SEMESTRE VALUES (156,'1',2008,'2005058645',14,'Aprovado');
INSERT INTO TURMAS_SEMESTRE VALUES (156,'2',2011,'2009026755',8,'Aprovado');

prompt Inserindo dados na Tabela Horario_Turma...

INSERT INTO HORARIO_TURMA VALUES (1,'1',2012,'2M1234');
INSERT INTO HORARIO_TURMA VALUES (1,'1',2012,'4M1234');
INSERT INTO HORARIO_TURMA VALUES (1,'1',2015,'2M1234');
INSERT INTO HORARIO_TURMA VALUES (1,'1',2015,'4M1234');
INSERT INTO HORARIO_TURMA VALUES (2,'1',2012,'3T2345');
INSERT INTO HORARIO_TURMA VALUES (2,'1',2012,'5M234');
INSERT INTO HORARIO_TURMA VALUES (2,'1',2015,'3T3345');
INSERT INTO HORARIO_TURMA VALUES (2,'1',2015,'5M234');
INSERT INTO HORARIO_TURMA VALUES (13,'1',2013,'4M1234');
INSERT INTO HORARIO_TURMA VALUES (13,'1',2013,'6M34');
INSERT INTO HORARIO_TURMA VALUES (13,'1',2016,'4M1234');
INSERT INTO HORARIO_TURMA VALUES (13,'1',2016,'6M34');
INSERT INTO HORARIO_TURMA VALUES (18,'2',2013,'3M1234');
INSERT INTO HORARIO_TURMA VALUES (18,'2',2013,'4T12');
INSERT INTO HORARIO_TURMA VALUES (29,'2',2014,'2T12');
INSERT INTO HORARIO_TURMA VALUES (110,'1',2007,'2M1234');
INSERT INTO HORARIO_TURMA VALUES (110,'1',2009,'2N2345');
INSERT INTO HORARIO_TURMA VALUES (110,'1',2014,'2M1234');
INSERT INTO HORARIO_TURMA VALUES (110,'2',2005,'2N2345');
INSERT INTO HORARIO_TURMA VALUES (110,'2',2014,'2N2345');
INSERT INTO HORARIO_TURMA VALUES (111,'1',2009,'3N2345');
INSERT INTO HORARIO_TURMA VALUES (111,'1',2014,'3N2345');
INSERT INTO HORARIO_TURMA VALUES (111,'2',2005,'3N2345');
INSERT INTO HORARIO_TURMA VALUES (112,'2',2005,'3M1234');
INSERT INTO HORARIO_TURMA VALUES (112,'2',2013,'3M1234');
INSERT INTO HORARIO_TURMA VALUES (113,'2',2005,'4M1234');
INSERT INTO HORARIO_TURMA VALUES (113,'2',2013,'4M1234');
INSERT INTO HORARIO_TURMA VALUES (121,'1',2006,'5N2345');
INSERT INTO HORARIO_TURMA VALUES (121,'1',2009,'6M1234');
INSERT INTO HORARIO_TURMA VALUES (121,'1',2015,'6N1234');
INSERT INTO HORARIO_TURMA VALUES (121,'2',2009,'6N1234');
INSERT INTO HORARIO_TURMA VALUES (121,'2',2015,'6M1234');
INSERT INTO HORARIO_TURMA VALUES (122,'1',2006,'4N2345');
INSERT INTO HORARIO_TURMA VALUES (122,'1',2015,'4N2345');
INSERT INTO HORARIO_TURMA VALUES (122,'2',2009,'4N2345');
INSERT INTO HORARIO_TURMA VALUES (123,'1',2006,'4T2345');
INSERT INTO HORARIO_TURMA VALUES (123,'1',2014,'4T2345');
INSERT INTO HORARIO_TURMA VALUES (124,'1',2006,'5M1234');
INSERT INTO HORARIO_TURMA VALUES (124,'1',2014,'5M1234');
INSERT INTO HORARIO_TURMA VALUES (130,'1',2010,'3N23');
INSERT INTO HORARIO_TURMA VALUES (130,'1',2010,'6N2345'); 
INSERT INTO HORARIO_TURMA VALUES (130,'2',2006,'3N23');
INSERT INTO HORARIO_TURMA VALUES (130,'2',2006,'6N2345');
INSERT INTO HORARIO_TURMA VALUES (130,'2',2007,'4T23');
INSERT INTO HORARIO_TURMA VALUES (130,'2',2007,'6M1234');
INSERT INTO HORARIO_TURMA VALUES (130,'2',2014,'4T23');
INSERT INTO HORARIO_TURMA VALUES (130,'2',2014,'6M1234');
INSERT INTO HORARIO_TURMA VALUES (130,'2',2015,'3N23');
INSERT INTO HORARIO_TURMA VALUES (130,'2',2015,'6N2345');
INSERT INTO HORARIO_TURMA VALUES (131,'1',2010,'5N2345');
INSERT INTO HORARIO_TURMA VALUES (131,'2',2006,'5N2345');
INSERT INTO HORARIO_TURMA VALUES (131,'2',2015,'5N2345');
INSERT INTO HORARIO_TURMA VALUES (132,'1',2007,'6T2345');
INSERT INTO HORARIO_TURMA VALUES (132,'2',2014,'6T2345');
INSERT INTO HORARIO_TURMA VALUES (139,'1',2006,'3N2345');
INSERT INTO HORARIO_TURMA VALUES (139,'1',2006,'5N45');
INSERT INTO HORARIO_TURMA VALUES (139,'1',2016,'3N2345');
INSERT INTO HORARIO_TURMA VALUES (139,'1',2016,'5N45');
INSERT INTO HORARIO_TURMA VALUES (139,'2',2010,'3N2345');
INSERT INTO HORARIO_TURMA VALUES (139,'2',2010,'5N45');
INSERT INTO HORARIO_TURMA VALUES (140,'1',2007,'2T1234');
INSERT INTO HORARIO_TURMA VALUES (140,'1',2015,'2T1234');
INSERT INTO HORARIO_TURMA VALUES (141,'1',2016,'4N2345');
INSERT INTO HORARIO_TURMA VALUES (141,'2',2007,'4N2345');
INSERT INTO HORARIO_TURMA VALUES (141,'2',2008,'3M1234');
INSERT INTO HORARIO_TURMA VALUES (141,'2',2010,'4N2345');
INSERT INTO HORARIO_TURMA VALUES (147,'1',2011,'5N2345');
INSERT INTO HORARIO_TURMA VALUES (147,'2',2007,'5N2345');
INSERT INTO HORARIO_TURMA VALUES (155,'1',2008,'6T2345');
INSERT INTO HORARIO_TURMA VALUES (155,'1',2016,'6T2345');
INSERT INTO HORARIO_TURMA VALUES (156,'1',2008,'2N2345');
INSERT INTO HORARIO_TURMA VALUES (156,'2',2011,'2N2345');

prompt Inserindo dados na Tabela Notas_Turmas...

INSERT INTO NOTAS_TURMAS VALUES (110,'1',2007,'2005051111',9.20);
INSERT INTO NOTAS_TURMAS VALUES (112,'2',2005,'2005051111',7.90);
INSERT INTO NOTAS_TURMAS VALUES (113,'2',2005,'2005051111',6.50);
INSERT INTO NOTAS_TURMAS VALUES (121,'1',2009,'2005051111',7.60);
INSERT INTO NOTAS_TURMAS VALUES (124,'1',2006,'2005051111',8.40);
INSERT INTO NOTAS_TURMAS VALUES (130,'2',2007,'2005051111',6.80);
INSERT INTO NOTAS_TURMAS VALUES (132,'1',2007,'2005051111',8.90);
INSERT INTO NOTAS_TURMAS VALUES (140,'1',2007,'2005051111',7.90);
INSERT INTO NOTAS_TURMAS VALUES (141,'2',2008,'2005051111',7.20);
INSERT INTO NOTAS_TURMAS VALUES (155,'1',2008,'2005051111',7.20);
INSERT INTO NOTAS_TURMAS VALUES (110,'2',2005,'2005058645',7.30);
INSERT INTO NOTAS_TURMAS VALUES (111,'2',2005,'2005058645',8.00);
INSERT INTO NOTAS_TURMAS VALUES (121,'1',2006,'2005058645',8.50);
INSERT INTO NOTAS_TURMAS VALUES (122,'1',2006,'2005058645',8.20);
INSERT INTO NOTAS_TURMAS VALUES (123,'1',2006,'2005058645',9.00);
INSERT INTO NOTAS_TURMAS VALUES (130,'2',2006,'2005058645',6.50);
INSERT INTO NOTAS_TURMAS VALUES (131,'2',2006,'2005058645',7.60);
INSERT INTO NOTAS_TURMAS VALUES (139,'1',2006,'2005058645',7.50);
INSERT INTO NOTAS_TURMAS VALUES (141,'2',2007,'2005058645',8.80);
INSERT INTO NOTAS_TURMAS VALUES (147,'2',2007,'2005058645',8.60);
INSERT INTO NOTAS_TURMAS VALUES (156,'1',2008,'2005058645',6.90);
INSERT INTO NOTAS_TURMAS VALUES (110,'1',2009,'2009026755',8.70);
INSERT INTO NOTAS_TURMAS VALUES (111,'1',2009,'2009026755',9.00);
INSERT INTO NOTAS_TURMAS VALUES (121,'2',2009,'2009026755',8.00);
INSERT INTO NOTAS_TURMAS VALUES (122,'2',2009,'2009026755',7.60); 
INSERT INTO NOTAS_TURMAS VALUES (130,'1',2010,'2009026755',7.80);
INSERT INTO NOTAS_TURMAS VALUES (131,'1',2010,'2009026755',8.00);
INSERT INTO NOTAS_TURMAS VALUES (139,'2',2010,'2009026755',8.50);
INSERT INTO NOTAS_TURMAS VALUES (141,'2',2010,'2009026755',6.50); 
INSERT INTO NOTAS_TURMAS VALUES (147,'1',2011,'2009026755',9.00); 
INSERT INTO NOTAS_TURMAS VALUES (156,'2',2011,'2009026755',8.20); 
INSERT INTO NOTAS_TURMAS VALUES (1,'1',2012,'2012020987',7.50); 
INSERT INTO NOTAS_TURMAS VALUES (2,'1',2012,'2012020987',9.00);
INSERT INTO NOTAS_TURMAS VALUES (13,'1',2013,'2012020987',7.00);
INSERT INTO NOTAS_TURMAS VALUES (18,'2',2013,'2012020987',8.00);
INSERT INTO NOTAS_TURMAS VALUES (29,'2',2014,'2012020987',5.10);
INSERT INTO NOTAS_TURMAS VALUES (110,'1',2014,'2013083322',7.30);
INSERT INTO NOTAS_TURMAS VALUES (112,'2',2013,'2013083322',7.00);
INSERT INTO NOTAS_TURMAS VALUES (113,'2',2013,'2013083322',8.50); 
INSERT INTO NOTAS_TURMAS VALUES (121,'2',2015,'2013083322',5.50); 
INSERT INTO NOTAS_TURMAS VALUES (124,'1',2014,'2013083322',5.00);
INSERT INTO NOTAS_TURMAS VALUES (130,'2',2014,'2013083322',8.80);
INSERT INTO NOTAS_TURMAS VALUES (132,'2',2014,'2013083322',9.00);
INSERT INTO NOTAS_TURMAS VALUES (140,'1',2015,'2013083322',6.20);
INSERT INTO NOTAS_TURMAS VALUES (155,'1',2016,'2013083322',0.00); 
INSERT INTO NOTAS_TURMAS VALUES (110,'2',2014,'2014080453',4.90);
INSERT INTO NOTAS_TURMAS VALUES (111,'1',2014,'2014080453',6.90);
INSERT INTO NOTAS_TURMAS VALUES (121,'1',2015,'2014080453',7.00);
INSERT INTO NOTAS_TURMAS VALUES (122,'1',2015,'2014080453',3.80);
INSERT INTO NOTAS_TURMAS VALUES (123,'1',2014,'2014080453',7.80);
INSERT INTO NOTAS_TURMAS VALUES (130,'2',2015,'2014080453',8.40);
INSERT INTO NOTAS_TURMAS VALUES (131,'2',2015,'2014080453',4.80);
INSERT INTO NOTAS_TURMAS VALUES (139,'1',2016,'2014080453',0.00);
INSERT INTO NOTAS_TURMAS VALUES (141,'1',2016,'2014080453',0.00);
INSERT INTO NOTAS_TURMAS VALUES (1,'1',2015,'2015086743',8.80);
INSERT INTO NOTAS_TURMAS VALUES (2,'1',2015,'2015086743',8.20);
INSERT INTO NOTAS_TURMAS VALUES (13,'1',2016,'2015086743',0.00);

prompt Inserindo dados na Tabela Sala_Turma...

INSERT INTO SALA_TURMA VALUES (1,'1',2012,'A 111');
INSERT INTO SALA_TURMA VALUES (1,'1',2012,'A 201');
INSERT INTO SALA_TURMA VALUES (1,'1',2015,'A 111');
INSERT INTO SALA_TURMA VALUES (1,'1',2015,'A 201');
INSERT INTO SALA_TURMA VALUES (2,'1',2012,'A 308');
INSERT INTO SALA_TURMA VALUES (2,'1',2012,'A 309');
INSERT INTO SALA_TURMA VALUES (2,'1',2015,'A 308');
INSERT INTO SALA_TURMA VALUES (2,'1',2015,'A 309');
INSERT INTO SALA_TURMA VALUES (13,'1',2013,'A 102');
INSERT INTO SALA_TURMA VALUES (13,'1',2013,'A 105');
INSERT INTO SALA_TURMA VALUES (13,'1',2016,'A 102');
INSERT INTO SALA_TURMA VALUES (13,'1',2016,'A 105');
INSERT INTO SALA_TURMA VALUES (18,'2',2013,'A 204');
INSERT INTO SALA_TURMA VALUES (18,'2',2013,'A 205');
INSERT INTO SALA_TURMA VALUES (29,'2',2014,'A 309');
INSERT INTO SALA_TURMA VALUES (110,'1',2007,'B 101');
INSERT INTO SALA_TURMA VALUES (110,'1',2009,'B 101');
INSERT INTO SALA_TURMA VALUES (110,'1',2014,'B 101');
INSERT INTO SALA_TURMA VALUES (110,'2',2005,'B 101');
INSERT INTO SALA_TURMA VALUES (110,'2',2014,'B 101');
INSERT INTO SALA_TURMA VALUES (111,'1',2009,'B 203');
INSERT INTO SALA_TURMA VALUES (111,'1',2014,'B 203');
INSERT INTO SALA_TURMA VALUES (111,'2',2005,'B 203');
INSERT INTO SALA_TURMA VALUES (112,'2',2005,'B 207');
INSERT INTO SALA_TURMA VALUES (112,'2',2013,'B 207');
INSERT INTO SALA_TURMA VALUES (113,'2',2005,'B 208');
INSERT INTO SALA_TURMA VALUES (113,'2',2013,'B 208');
INSERT INTO SALA_TURMA VALUES (121,'1',2006,'B 202');
INSERT INTO SALA_TURMA VALUES (121,'1',2009,'B 202');
INSERT INTO SALA_TURMA VALUES (121,'1',2015,'B 202');
INSERT INTO SALA_TURMA VALUES (121,'2',2009,'B 202'); 
INSERT INTO SALA_TURMA VALUES (121,'2',2015,'B 202'); 
INSERT INTO SALA_TURMA VALUES (122,'1',2006,'B 302');
INSERT INTO SALA_TURMA VALUES (122,'1',2015,'B 302');
INSERT INTO SALA_TURMA VALUES (122,'2',2009,'B 302');
INSERT INTO SALA_TURMA VALUES (123,'1',2006,'B 309');
INSERT INTO SALA_TURMA VALUES (123,'1',2014,'B 309');
INSERT INTO SALA_TURMA VALUES (124,'1',2006,'B 106');
INSERT INTO SALA_TURMA VALUES (124,'1',2014,'B 106');
INSERT INTO SALA_TURMA VALUES (130,'1',2010,'B 104');
INSERT INTO SALA_TURMA VALUES (130,'1',2010,'B 305');
INSERT INTO SALA_TURMA VALUES (130,'2',2006,'B 104');
INSERT INTO SALA_TURMA VALUES (130,'2',2006,'B 305');
INSERT INTO SALA_TURMA VALUES (130,'2',2007,'B 104');
INSERT INTO SALA_TURMA VALUES (130,'2',2007,'B 305');
INSERT INTO SALA_TURMA VALUES (130,'2',2014,'B 104');
INSERT INTO SALA_TURMA VALUES (130,'2',2014,'B 305');
INSERT INTO SALA_TURMA VALUES (130,'2',2015,'B 104');
INSERT INTO SALA_TURMA VALUES (130,'2',2015,'B 305');
INSERT INTO SALA_TURMA VALUES (131,'1',2010,'B 106');
INSERT INTO SALA_TURMA VALUES (131,'2',2006,'B 106');
INSERT INTO SALA_TURMA VALUES (131,'2',2015,'B 106');
INSERT INTO SALA_TURMA VALUES (132,'1',2007,'B 208');
INSERT INTO SALA_TURMA VALUES (132,'2',2014,'B 208');
INSERT INTO SALA_TURMA VALUES (139,'1',2006,'B 103');
INSERT INTO SALA_TURMA VALUES (139,'1',2006,'B 303');
INSERT INTO SALA_TURMA VALUES (139,'1',2016,'B 103');
INSERT INTO SALA_TURMA VALUES (139,'1',2016,'B 303');
INSERT INTO SALA_TURMA VALUES (139,'2',2010,'B 103');
INSERT INTO SALA_TURMA VALUES (139,'2',2010,'B 303');
INSERT INTO SALA_TURMA VALUES (140,'1',2007,'B 304');
INSERT INTO SALA_TURMA VALUES (140,'1',2015,'B 304');
INSERT INTO SALA_TURMA VALUES (141,'1',2016,'C 101');
INSERT INTO SALA_TURMA VALUES (141,'2',2007,'C 101');
INSERT INTO SALA_TURMA VALUES (141,'2',2008,'C 101');
INSERT INTO SALA_TURMA VALUES (141,'2',2010,'C 101');
INSERT INTO SALA_TURMA VALUES (147,'1',2011,'C 203');
INSERT INTO SALA_TURMA VALUES (147,'2',2007,'C 203');
INSERT INTO SALA_TURMA VALUES (155,'1',2008,'C 306');
INSERT INTO SALA_TURMA VALUES (155,'1',2016,'C 306');
INSERT INTO SALA_TURMA VALUES (156,'1',2008,'C 107');
INSERT INTO SALA_TURMA VALUES (156,'2',2011,'C 107');